Time,header.seq,header.stamp.secs,header.stamp.nsecs,header.frame_id,vector.x,vector.y,vector.z
1719006630.0465746,9146,1719006630,45376933,,0.0,0.0,0.0
1719006630.067406,9147,1719006630,65457558,,0.0,0.0,0.0
1719006630.0878234,9148,1719006630,85678964,,0.0,0.0,0.0
1719006630.107818,9149,1719006630,105455266,,0.0,0.0,0.0
1719006630.1268775,9150,1719006630,125405735,,0.0,0.0,0.0
1719006630.1499221,9151,1719006630,146513860,,0.0,0.0,0.0
1719006630.1664221,9152,1719006630,165407193,,0.0,0.0,0.0
1719006630.1870382,9153,1719006630,185524797,,0.0,0.0,0.0
1719006630.2072644,9154,1719006630,205405162,,0.0,0.0,0.0
1719006630.227299,9155,1719006630,225438027,,0.0,0.0,0.0
1719006630.2484121,9156,1719006630,245660995,,0.0,0.0,0.0
1719006630.2671866,9157,1719006630,265433547,,0.0,0.0,0.0
1719006630.288377,9158,1719006630,285821829,,0.0,0.0,0.0
1719006630.3074114,9159,1719006630,305519745,,0.0,0.0,0.0
1719006630.329713,9160,1719006630,325460318,,0.0,0.0,0.0
1719006630.3479404,9161,1719006630,345493287,,0.0,0.0,0.0
1719006630.367346,9162,1719006630,365496777,,0.0,0.0,0.0
1719006630.3880887,9163,1719006630,385489224,,0.0,0.0,0.0
1719006630.4106739,9164,1719006630,407990006,,0.0,0.0,0.0
1719006630.4280272,9165,1719006630,425414641,,0.0,0.0,0.0
1719006630.4477386,9166,1719006630,445524901,,0.0,0.0,0.0
1719006630.467494,9167,1719006630,465583183,,0.0,0.0,0.0
1719006630.4879658,9168,1719006630,485443079,,0.0,0.0,0.0
1719006630.5072713,9169,1719006630,505525839,,0.0,0.0,0.0
1719006630.528864,9170,1719006630,525605839,,0.0,0.0,0.0
1719006630.5492556,9171,1719006630,545962714,,0.0,0.0,0.0
1719006630.5682814,9172,1719006630,565478912,,0.0,0.0,0.0
1719006630.5884643,9173,1719006630,585462974,,0.0,0.0,0.0
1719006630.6084723,9174,1719006630,605861881,,0.0,0.0,0.0
1719006630.6290889,9175,1719006630,626075474,,0.0,0.0,0.0
1719006630.6493006,9176,1719006630,645481881,,0.0,0.0,0.0
1719006630.668656,9177,1719006630,665488391,,0.0,0.0,0.0
1719006630.6881547,9178,1719006630,685544120,,0.0,0.0,0.0
1719006630.708656,9179,1719006630,705486464,,0.0,0.0,0.0
1719006630.7291002,9180,1719006630,725468808,,0.0,0.0,0.0
1719006630.7479973,9181,1719006630,745664745,,0.0,0.0,0.0
1719006630.7683103,9182,1719006630,765478860,,0.0,0.0,0.0
1719006630.7885923,9183,1719006630,785598547,,0.0,0.0,0.0
1719006630.808363,9184,1719006630,805459537,,0.0,0.0,0.0
1719006630.8287387,9185,1719006630,825478078,,0.0,0.0,0.0
1719006630.8480978,9186,1719006630,845494224,,0.0,0.0,0.0
1719006630.869402,9187,1719006630,865619016,,0.0,0.0,0.0
1719006630.8880632,9188,1719006630,885580943,,0.0,0.0,0.0
1719006630.908076,9189,1719006630,905635110,,0.0,0.0,0.0
1719006630.928418,9190,1719006630,925889537,,0.0,0.0,0.0
1719006630.9494572,9191,1719006630,945499172,,0.0,0.0,0.0
1719006630.967238,9192,1719006630,965653235,,0.0,0.0,0.0
1719006630.9879916,9193,1719006630,985478026,,0.0,0.0,0.0
1719006631.0077047,9194,1719006631,5541360,,0.0,0.0,0.0
1719006631.0289695,9195,1719006631,25543755,,0.0,0.0,0.0
1719006631.0490818,9196,1719006631,45469849,,0.0,0.0,0.0
1719006631.0680177,9197,1719006631,65578860,,0.0,0.0,0.0
1719006631.0878582,9198,1719006631,85610318,,0.0,0.0,0.0
1719006631.1081371,9199,1719006631,105472245,,0.0,0.0,0.0
1719006631.128482,9200,1719006631,125463130,,0.0,0.0,0.0
1719006631.1464112,9201,1719006631,145426255,,0.0,0.0,0.0
1719006631.167406,9202,1719006631,165449380,,0.0,0.0,0.0
1719006631.1874144,9203,1719006631,185442818,,0.0,0.0,0.0
1719006631.2074618,9204,1719006631,205463547,,0.0,0.0,0.0
1719006631.2280378,9205,1719006631,225626932,,0.0,0.0,0.0
1719006631.247905,9206,1719006631,245423912,,0.0,0.0,0.0
1719006631.2680428,9207,1719006631,265479380,,0.0,0.0,0.0
1719006631.2878432,9208,1719006631,285484224,,0.0,0.0,0.0
1719006631.3076503,9209,1719006631,305438599,,0.0,0.0,0.0
1719006631.329391,9210,1719006631,326532818,,0.0,0.0,0.0
1719006631.3485937,9211,1719006631,345852037,,0.0,0.0,0.0
1719006631.3692315,9212,1719006631,365695526,,0.0,0.0,0.0
1719006631.3880248,9213,1719006631,385485422,,0.0,0.0,0.0
1719006631.409083,9214,1719006631,405583234,,0.0,0.0,0.0
1719006631.4288206,9215,1719006631,425596464,,0.0,0.0,0.0
1719006631.4487627,9216,1719006631,445858912,,0.0,0.0,0.0
1719006631.4687629,9217,1719006631,465478964,,0.0,0.0,0.0
1719006631.488515,9218,1719006631,485549537,,0.0,0.0,0.0
1719006631.5085223,9219,1719006631,505995578,,0.0,0.0,0.0
1719006631.5287619,9220,1719006631,525616724,,0.0,0.0,0.0
1719006631.548875,9221,1719006631,545604016,,0.0,0.0,0.0
1719006631.5695517,9222,1719006631,565569432,,0.0,0.0,0.0
1719006631.588297,9223,1719006631,585456672,,0.0,0.0,0.0
1719006631.608543,9224,1719006631,605510005,,0.0,0.0,0.0
1719006631.628351,9225,1719006631,625450422,,0.0,0.0,0.0
1719006631.6473293,9226,1719006631,645534953,,0.0,0.0,0.0
1719006631.667569,9227,1719006631,665448078,,0.0,0.0,0.0
1719006631.6878784,9228,1719006631,685436932,,0.0,0.0,0.0
1719006631.7088401,9229,1719006631,705650422,,0.0,0.0,0.0
1719006631.7284052,9230,1719006631,725417870,,0.0,0.0,0.0
1719006631.7504575,9231,1719006631,745645318,,0.0,0.0,0.0
1719006631.7685382,9232,1719006631,765486203,,0.0,0.0,0.0
1719006631.7885683,9233,1719006631,785482297,,0.0,0.0,0.0
1719006631.8107088,9234,1719006631,805480057,,0.0,0.0,0.0
1719006631.828785,9235,1719006631,825475213,,0.0,0.0,0.0
1719006631.8490725,9236,1719006631,845608495,,0.0,0.0,0.0
1719006631.868475,9237,1719006631,865709745,,0.0,0.0,0.0
1719006631.8886728,9238,1719006631,885735213,,0.0,0.0,0.0
1719006631.910001,9239,1719006631,905727141,,0.0,0.0,0.0
1719006631.9295785,9240,1719006631,925691828,,0.0,0.0,0.0
1719006631.9496684,9241,1719006631,945998651,,0.0,0.0,0.0
1719006631.9696608,9242,1719006631,965551932,,0.0,0.0,0.0
1719006631.9897697,9243,1719006631,985453286,,0.0,0.0,0.0
1719006632.0079587,9244,1719006632,5566463,,0.0,0.0,0.0
1719006632.0281417,9245,1719006632,25494120,,0.0,0.0,0.0
1719006632.0485892,9246,1719006632,46163234,,0.0,0.0,0.0
1719006632.0682886,9247,1719006632,65693182,,0.0,0.0,0.0
1719006632.0875754,9248,1719006632,85646255,,0.0,0.0,0.0
1719006632.107669,9249,1719006632,105559276,,0.0,0.0,0.0
1719006632.1298628,9250,1719006632,126902870,,0.0,0.0,0.0
1719006632.147487,9251,1719006632,145507609,,0.0,0.0,0.0
1719006632.1671321,9252,1719006632,165385682,,0.0,0.0,0.0
1719006632.1867661,9253,1719006632,185414276,,0.0,0.0,0.0
1719006632.2074013,9254,1719006632,205446463,,0.0,0.0,0.0
1719006632.2290604,9255,1719006632,225426880,,0.0,0.0,0.0
1719006632.2481053,9256,1719006632,245515265,,0.0,0.0,0.0
1719006632.2694106,9257,1719006632,266316411,,0.0,0.0,0.0
1719006632.2894518,9258,1719006632,285714015,,0.0,0.0,0.0
1719006632.3082163,9259,1719006632,305469120,,0.0,0.0,0.0
1719006632.3281958,9260,1719006632,325580265,,0.0,0.0,0.0
1719006632.3493986,9261,1719006632,345515317,,0.0,0.0,0.0
1719006632.3689148,9262,1719006632,365495995,,0.0,0.0,0.0
1719006632.3885896,9263,1719006632,385700630,,0.0,0.0,0.0
1719006632.4088728,9264,1719006632,405485317,,0.0,0.0,0.0
1719006632.428306,9265,1719006632,425480161,,0.0,0.0,0.0
1719006632.448466,9266,1719006632,445646672,,0.0,0.0,0.0
1719006632.4686434,9267,1719006632,465427297,,0.0,0.0,0.0
1719006632.489219,9268,1719006632,485837974,,0.0,0.0,0.0
1719006632.5095482,9269,1719006632,505478078,,0.0,0.0,0.0
1719006632.5289304,9270,1719006632,525568390,,0.0,0.0,0.0
1719006632.5487132,9271,1719006632,545474692,,0.0,0.0,0.0
1719006632.5686076,9272,1719006632,565481828,,0.0,0.0,0.0
1719006632.5889144,9273,1719006632,585565838,,0.0,0.0,0.0
1719006632.6084867,9274,1719006632,605470474,,0.0,0.0,0.0
1719006632.628008,9275,1719006632,625476151,,0.0,0.0,0.0
1719006632.6484623,9276,1719006632,645492036,,0.0,0.0,0.0
1719006632.6666033,9277,1719006632,665380317,,0.0,0.0,0.0
1719006632.6874447,9278,1719006632,685412817,,0.0,0.0,0.0
1719006632.707463,9279,1719006632,705613442,,0.0,0.0,0.0
1719006632.728957,9280,1719006632,725462661,,0.0,0.0,0.0
1719006632.7487102,9281,1719006632,745687817,,0.0,0.0,0.0
1719006632.7686672,9282,1719006632,765489380,,0.0,0.0,0.0
1719006632.788747,9283,1719006632,785476463,,0.0,0.0,0.0
1719006632.8093388,9284,1719006632,805577765,,0.0,0.0,0.0
1719006632.829718,9285,1719006632,825560526,,0.0,0.0,0.0
1719006632.8479602,9286,1719006632,845586828,,0.0,0.0,0.0
1719006632.8692207,9287,1719006632,865902557,,0.0,0.0,0.0
1719006632.888594,9288,1719006632,885530369,,0.0,0.0,0.0
1719006632.910109,9289,1719006632,905663234,,0.0,0.0,0.0
1719006632.9283175,9290,1719006632,925458390,,0.0,0.0,0.0
1719006632.9478097,9291,1719006632,945479848,,0.0,0.0,0.0
1719006632.970498,9292,1719006632,965455578,,0.0,0.0,0.0
1719006632.987776,9293,1719006632,985491880,,0.0,0.0,0.0
1719006633.0095856,9294,1719006633,5431411,,0.0,0.0,0.0
1719006633.027721,9295,1719006633,25499484,,0.0,0.0,0.0
1719006633.0485566,9296,1719006633,45450421,,0.0,0.0,0.0
1719006633.0685322,9297,1719006633,65466150,,0.0,0.0,0.0
1719006633.0882688,9298,1719006633,85667713,,0.0,0.0,0.0
1719006633.1088202,9299,1719006633,105554848,,0.0,0.0,0.0
1719006633.1290448,9300,1719006633,125478963,,0.0,0.0,0.0
1719006633.1478832,9301,1719006633,145472296,,0.0,0.0,0.0
1719006633.1675994,9302,1719006633,165387244,,0.0,0.0,0.0
1719006633.1877153,9303,1719006633,185497869,,0.0,0.0,0.0
1719006633.2079594,9304,1719006633,205588078,,0.0,0.0,0.0
1719006633.2273796,9305,1719006633,225465265,,0.0,0.0,0.0
1719006633.2481606,9306,1719006633,245648755,,0.0,0.0,0.0
1719006633.268643,9307,1719006633,265532244,,0.0,0.0,0.0
1719006633.2893155,9308,1719006633,285514432,,0.0,0.0,0.0
1719006633.3086371,9309,1719006633,305706932,,0.0,0.0,0.0
1719006633.3295386,9310,1719006633,325489432,,0.0,0.0,0.0
1719006633.3497038,9311,1719006633,345689067,,0.0,0.0,0.0
1719006633.3687463,9312,1719006633,365485994,,0.0,0.0,0.0
1719006633.389004,9313,1719006633,385472609,,0.0,0.0,0.0
1719006633.4094596,9314,1719006633,405486359,,0.0,0.0,0.0
1719006633.4274971,9315,1719006633,425435734,,0.0,0.0,0.0
1719006633.4490628,9316,1719006633,445463077,,0.0,0.0,0.0
1719006633.4689305,9317,1719006633,465467036,,0.0,0.0,0.0
1719006633.4890442,9318,1719006633,485473702,,0.0,0.0,0.0
1719006633.5093281,9319,1719006633,505543650,,0.0,0.0,0.0
1719006633.5293403,9320,1719006633,525560265,,0.0,0.0,0.0
1719006633.5488024,9321,1719006633,545909171,,0.0,0.0,0.0
1719006633.5685947,9322,1719006633,565495682,,0.0,0.0,0.0
1719006633.5877342,9323,1719006633,585475421,,0.0,0.0,0.0
1719006633.6084483,9324,1719006633,605468129,,0.0,0.0,0.0
1719006633.6281002,9325,1719006633,625473650,,0.0,0.0,0.0
1719006633.6489892,9326,1719006633,645513390,,0.0,0.0,0.0
1719006633.668588,9327,1719006633,665521463,,0.0,0.0,0.0
1719006633.68652,9328,1719006633,685361619,,0.0,0.0,0.0
1719006633.7080379,9329,1719006633,705836202,,0.0,0.0,0.0
1719006633.7277362,9330,1719006633,725429067,,0.0,0.0,0.0
1719006633.7480445,9331,1719006633,745468702,,0.0,0.0,0.0
1719006633.7677438,9332,1719006633,765547869,,0.0,0.0,0.0
1719006633.7885387,9333,1719006633,785681098,,0.0,0.0,0.0
1719006633.8098123,9334,1719006633,805937713,,0.0,0.0,0.0
1719006633.8294325,9335,1719006633,825574275,,0.0,0.0,0.0
1719006633.8486176,9336,1719006633,845717504,,0.0,0.0,0.0
1719006633.8686786,9337,1719006633,865482452,,0.0,0.0,0.0
1719006633.8888788,9338,1719006633,885474379,,0.0,0.0,0.0
1719006633.9101367,9339,1719006633,905471775,,0.0,0.0,0.0
1719006633.9295282,9340,1719006633,925467608,,0.0,0.0,0.0
1719006633.9492319,9341,1719006633,945708702,,0.0,0.0,0.0
1719006633.9702158,9342,1719006633,965892192,,0.0,0.0,0.0
1719006633.9885595,9343,1719006633,985490994,,0.0,0.0,0.0
1719006634.0104678,9344,1719006634,5630838,,0.0,0.0,0.0
1719006634.0288882,9345,1719006634,25545108,,0.0,0.0,0.0
1719006634.048784,9346,1719006634,45489952,,0.0,0.0,0.0
1719006634.0694501,9347,1719006634,65572921,,0.0,0.0,0.0
1719006634.0894134,9348,1719006634,85538338,,0.0,0.0,0.0
1719006634.109957,9349,1719006634,105546671,,0.0,0.0,0.0
1719006634.128924,9350,1719006634,125472244,,0.0,0.0,0.0
1719006634.146786,9351,1719006634,145438129,,0.0,0.0,0.0
1719006634.1673017,9352,1719006634,165477713,,0.0,0.0,0.0
1719006634.187842,9353,1719006634,185531515,,0.0,0.0,0.0
1719006634.2085073,9354,1719006634,205714015,,0.0,0.0,0.0
1719006634.2287197,9355,1719006634,225607140,,0.0,0.0,0.0
1719006634.2479641,9356,1719006634,245458806,,0.0,0.0,0.0
1719006634.2689993,9357,1719006634,265571983,,0.0,0.0,0.0
1719006634.2879841,9358,1719006634,285500942,,0.0,0.0,0.0
1719006634.3090544,9359,1719006634,305490942,,0.0,0.0,0.0
1719006634.3300736,9360,1719006634,325426619,,0.0,0.0,0.0
1719006634.3483832,9361,1719006634,345478077,,0.0,0.0,0.0
1719006634.3710084,9362,1719006634,365852244,,0.0,0.0,0.0
1719006634.3890574,9363,1719006634,385531567,,0.0,0.0,0.0
1719006634.409545,9364,1719006634,405458337,,0.0,0.0,0.0
1719006634.4278657,9365,1719006634,425455785,,0.0,0.0,0.0
1719006634.448285,9366,1719006634,445815421,,0.0,0.0,0.0
1719006634.4684854,9367,1719006634,465420577,,0.0,0.0,0.0
1719006634.4899027,9368,1719006634,485482192,,0.0,0.0,0.0
1719006634.5097733,9369,1719006634,505489848,,0.0,0.0,0.0
1719006634.5296588,9370,1719006634,525769171,,0.0,0.0,0.0
1719006634.5483208,9371,1719006634,545528962,,0.0,0.0,0.0
1719006634.571616,9372,1719006634,565510212,,0.0,0.0,0.0
1719006634.589461,9373,1719006634,586243650,,0.0,0.0,0.0
1719006634.6097848,9374,1719006634,605480473,,0.0,0.0,0.0
1719006634.6289706,9375,1719006634,625476723,,0.0,0.0,0.0
1719006634.6487043,9376,1719006634,645617973,,0.0,0.0,0.0
1719006634.6721234,9377,1719006634,666256098,,0.0,0.0,0.0
1719006634.6885965,9378,1719006634,685790525,,0.0,0.0,0.0
1719006634.7069962,9379,1719006634,705405629,,0.0,0.0,0.0
1719006634.7278125,9380,1719006634,725450160,,0.0,0.0,0.0
1719006634.747944,9381,1719006634,745558702,,0.0,0.0,0.0
1719006634.76896,9382,1719006634,765465264,,0.0,0.0,0.0
1719006634.7888002,9383,1719006634,785633650,,0.0,0.0,0.0
1719006634.8080883,9384,1719006634,805476462,,0.0,0.0,0.0
1719006634.8296132,9385,1719006634,825720160,,0.0,0.0,0.0
1719006634.8499017,9386,1719006634,845575316,,0.0,0.0,0.0
1719006634.8695636,9387,1719006634,865506983,,0.0,0.0,0.0
1719006634.8895335,9388,1719006634,885810733,,0.0,0.0,0.0
1719006634.9097528,9389,1719006634,905476098,,0.0,0.0,0.0
1719006634.9295285,9390,1719006634,925842608,,0.0,0.0,0.0
1719006634.9487476,9391,1719006634,945448754,,0.0,0.0,0.0
1719006634.9686286,9392,1719006634,965447191,,0.0,0.0,0.0
1719006634.9881134,9393,1719006634,985532348,,0.0,0.0,0.0
1719006635.0090144,9394,1719006635,5475785,,0.0,0.0,0.0
1719006635.0288055,9395,1719006635,25851983,,0.0,0.0,0.0
1719006635.04877,9396,1719006635,45478441,,0.0,0.0,0.0
1719006635.0695372,9397,1719006635,65486514,,0.0,0.0,0.0
1719006635.089064,9398,1719006635,85476723,,0.0,0.0,0.0
1719006635.1088495,9399,1719006635,105472035,,0.0,0.0,0.0
1719006635.1295612,9400,1719006635,125587608,,0.0,0.0,0.0
1719006635.1476686,9401,1719006635,145446879,,0.0,0.0,0.0
1719006635.1676137,9402,1719006635,165409014,,0.0,0.0,0.0
1719006635.1882267,9403,1719006635,185436827,,0.0,0.0,0.0
1719006635.2082927,9404,1719006635,205456306,,0.0,0.0,0.0
1719006635.2289596,9405,1719006635,225483025,,0.0,0.0,0.0
1719006635.248229,9406,1719006635,245678233,,0.0,0.0,0.0
1719006635.2696438,9407,1719006635,265615316,,0.0,0.0,0.0
1719006635.2887635,9408,1719006635,285477243,,0.0,0.0,0.0
1719006635.307988,9409,1719006635,305481566,,0.0,0.0,0.0
1719006635.3291936,9410,1719006635,325645108,,0.0,0.0,0.0
1719006635.3480844,9411,1719006635,345508077,,0.0,0.0,0.0
1719006635.3698168,9412,1719006635,366654587,,0.0,0.0,0.0
1719006635.3882065,9413,1719006635,385465785,,0.0,0.0,0.0
1719006635.4089012,9414,1719006635,405687816,,0.0,0.0,0.0
1719006635.4288173,9415,1719006635,425488702,,0.0,0.0,0.0
1719006635.4490297,9416,1719006635,445627347,,0.0,0.0,0.0
1719006635.469851,9417,1719006635,465585837,,0.0,0.0,0.0
1719006635.4886327,9418,1719006635,485539327,,0.0,0.0,0.0
1719006635.5085742,9419,1719006635,505480993,,0.0,0.0,0.0
1719006635.5297933,9420,1719006635,525482347,,0.0,0.0,0.0
1719006635.5487278,9421,1719006635,545495004,,0.0,0.0,0.0
1719006635.56903,9422,1719006635,565643441,,0.0,0.0,0.0
1719006635.5889935,9423,1719006635,585724014,,0.0,0.0,0.0
1719006635.6109345,9424,1719006635,605471254,,0.0,0.0,0.0
1719006635.6303947,9425,1719006635,625478233,,0.0,0.0,0.0
1719006635.6482599,9426,1719006635,645495837,,0.0,0.0,0.0
1719006635.6693451,9427,1719006635,665601254,,0.0,0.0,0.0
1719006635.6887553,9428,1719006635,685934431,,0.0,0.0,0.0
1719006635.7071056,9429,1719006635,705546097,,0.0,0.0,0.0
1719006635.7271228,9430,1719006635,725433806,,0.0,0.0,0.0
1719006635.7464867,9431,1719006635,745436566,,0.0,0.0,0.0
1719006635.7676752,9432,1719006635,765416202,,0.0,0.0,0.0
1719006635.7874043,9433,1719006635,785414379,,0.0,0.0,0.0
1719006635.8078008,9434,1719006635,805424691,,0.0,0.0,0.0
1719006635.8296201,9435,1719006635,825440004,,0.0,0.0,0.0
1719006635.8484747,9436,1719006635,845509170,,0.0,0.0,0.0
1719006635.8680875,9437,1719006635,865559379,,0.0,0.0,0.0
1719006635.8878472,9438,1719006635,885433181,,0.0,0.0,0.0
1719006635.909327,9439,1719006635,905964587,,0.0,0.0,0.0
1719006635.928648,9440,1719006635,925478233,,0.0,0.0,0.0
1719006635.9480488,9441,1719006635,945833910,,0.0,0.0,0.0
1719006635.9693043,9442,1719006635,965490264,,0.0,0.0,0.0
1719006635.9889774,9443,1719006635,985460212,,0.0,0.0,0.0
1719006636.0090911,9444,1719006636,5623285,,0.0,0.0,0.0
1719006636.0295,9445,1719006636,25491410,,0.0,0.0,0.0
1719006636.0492444,9446,1719006636,45482712,,0.0,0.0,0.0
1719006636.06858,9447,1719006636,65454951,,0.0,0.0,0.0
1719006636.0882785,9448,1719006636,85491879,,0.0,0.0,0.0
1719006636.1084006,9449,1719006636,105749639,,0.0,0.0,0.0
1719006636.1286602,9450,1719006636,125466253,,0.0,0.0,0.0
1719006636.148082,9451,1719006636,145528233,,0.0,0.0,0.0
1719006636.1706479,9452,1719006636,169436722,,0.0,0.0,0.0
1719006636.1878035,9453,1719006636,185427972,,0.0,0.0,0.0
1719006636.2071474,9454,1719006636,205414326,,0.0,0.0,0.0
1719006636.2276657,9455,1719006636,225436097,,0.0,0.0,0.0
1719006636.247734,9456,1719006636,245407243,,0.0,0.0,0.0
1719006636.2691045,9457,1719006636,265464483,,0.0,0.0,0.0
1719006636.288204,9458,1719006636,285436878,,0.0,0.0,0.0
1719006636.3086035,9459,1719006636,305455576,,0.0,0.0,0.0
1719006636.3290443,9460,1719006636,325494378,,0.0,0.0,0.0
1719006636.3504434,9461,1719006636,345795524,,0.0,0.0,0.0
1719006636.3709238,9462,1719006636,365446930,,0.0,0.0,0.0
1719006636.3888311,9463,1719006636,385486201,,0.0,0.0,0.0
1719006636.4104202,9464,1719006636,405480212,,0.0,0.0,0.0
1719006636.4297252,9465,1719006636,426051410,,0.0,0.0,0.0
1719006636.4486225,9466,1719006636,445488441,,0.0,0.0,0.0
1719006636.4687746,9467,1719006636,465484795,,0.0,0.0,0.0
1719006636.4883952,9468,1719006636,485591878,,0.0,0.0,0.0
1719006636.5100079,9469,1719006636,506731514,,0.0,0.0,0.0
1719006636.5278783,9470,1719006636,525481097,,0.0,0.0,0.0
1719006636.5490346,9471,1719006636,546341305,,0.0,0.0,0.0
1719006636.5680926,9472,1719006636,565477972,,0.0,0.0,0.0
1719006636.5881615,9473,1719006636,585756097,,0.0,0.0,0.0
1719006636.6084387,9474,1719006636,605600212,,0.0,0.0,0.0
1719006636.6284635,9475,1719006636,625471357,,0.0,0.0,0.0
1719006636.6503806,9476,1719006636,645870680,,0.0,0.0,0.0
1719006636.6685586,9477,1719006636,665621305,,0.0,0.0,0.0
1719006636.6906476,9478,1719006636,685584847,,0.0,0.0,0.0
1719006636.708487,9479,1719006636,705528441,,0.0,0.0,0.0
1719006636.726917,9480,1719006636,725379587,,0.0,0.0,0.0
1719006636.7475216,9481,1719006636,745556566,,0.0,0.0,0.0
1719006636.7680635,9482,1719006636,765445264,,0.0,0.0,0.0
1719006636.7889605,9483,1719006636,785624014,,0.0,0.0,0.0
1719006636.8088188,9484,1719006636,805642764,,0.0,0.0,0.0
1719006636.8288567,9485,1719006636,825469587,,0.0,0.0,0.0
1719006636.8489432,9486,1719006636,845999743,,0.0,0.0,0.0
1719006636.8693683,9487,1719006636,865491149,,0.0,0.0,0.0
1719006636.888769,9488,1719006636,885565003,,0.0,0.0,0.0
1719006636.9094324,9489,1719006636,905594899,,0.0,0.0,0.0
1719006636.9288938,9490,1719006636,925489222,,0.0,0.0,0.0
1719006636.9466891,9491,1719006636,945604274,,0.0,0.0,0.0
1719006636.967734,9492,1719006636,965604326,,0.0,0.0,0.0
1719006636.9874077,9493,1719006636,985410264,,0.0,0.0,0.0
1719006637.0081923,9494,1719006637,5473649,,0.0,0.0,0.0
1719006637.027994,9495,1719006637,25446566,,0.0,0.0,0.0
1719006637.0484025,9496,1719006637,45797034,,0.0,0.0,0.0
1719006637.068528,9497,1719006637,65593180,,0.0,0.0,0.0
1719006637.0881755,9498,1719006637,85446409,,0.0,0.0,0.0
1719006637.1078646,9499,1719006637,105433128,,0.0,0.0,0.0
1719006637.128001,9500,1719006637,125461253,,0.0,0.0,0.0
1719006637.1488025,9501,1719006637,145383909,,0.0,0.0,0.0
1719006637.1679711,9502,1719006637,165470784,,0.0,0.0,0.0
1719006637.1876311,9503,1719006637,185428493,,0.0,0.0,0.0
1719006637.2075837,9504,1719006637,205411409,,0.0,0.0,0.0
1719006637.2276616,9505,1719006637,225454274,,0.0,0.0,0.0
1719006637.2490125,9506,1719006637,245540628,,0.0,0.0,0.0
1719006637.268301,9507,1719006637,265485003,,0.0,0.0,0.0
1719006637.2879543,9508,1719006637,285521513,,0.0,0.0,0.0
1719006637.3086298,9509,1719006637,305476409,,0.0,0.0,0.0
1719006637.330036,9510,1719006637,325487034,,0.0,0.0,0.0
1719006637.3481488,9511,1719006637,345522034,,0.0,0.0,0.0
1719006637.368547,9512,1719006637,365682659,,0.0,0.0,0.0
1719006637.3888948,9513,1719006637,385480888,,0.0,0.0,0.0
1719006637.4096005,9514,1719006637,405622138,,0.0,0.0,0.0
1719006637.428176,9515,1719006637,425781513,,0.0,0.0,0.0
1719006637.4489303,9516,1719006637,445655836,,0.0,0.0,0.0
1719006637.468562,9517,1719006637,465483180,,0.0,0.0,0.0
1719006637.4888973,9518,1719006637,485480003,,0.0,0.0,0.0
1719006637.5086772,9519,1719006637,505639951,,0.0,0.0,0.0
1719006637.528994,9520,1719006637,525532503,,0.0,0.0,0.0
1719006637.5496383,9521,1719006637,545777138,,0.0,0.0,0.0
1719006637.5689886,9522,1719006637,565615107,,0.0,0.0,0.0
1719006637.5883298,9523,1719006637,585556878,,0.0,0.0,0.0
1719006637.609393,9524,1719006637,605687138,,0.0,0.0,0.0
1719006637.6296732,9525,1719006637,625725993,,0.0,0.0,0.0
1719006637.648806,9526,1719006637,645597503,,0.0,0.0,0.0
1719006637.66925,9527,1719006637,665580263,,0.0,0.0,0.0
1719006637.6891208,9528,1719006637,685491930,,0.0,0.0,0.0
1719006637.7082613,9529,1719006637,705539274,,0.0,0.0,0.0
1719006637.7297254,9530,1719006637,725580367,,0.0,0.0,0.0
1719006637.746309,9531,1719006637,745356670,,0.0,0.0,0.0
1719006637.7673116,9532,1719006637,765471774,,0.0,0.0,0.0
1719006637.7883143,9533,1719006637,785673753,,0.0,0.0,0.0
1719006637.8080878,9534,1719006637,805652451,,0.0,0.0,0.0
1719006637.8299518,9535,1719006637,825645732,,0.0,0.0,0.0
1719006637.8488073,9536,1719006637,845872138,,0.0,0.0,0.0
1719006637.8688662,9537,1719006637,865497034,,0.0,0.0,0.0
1719006637.8889818,9538,1719006637,885486097,,0.0,0.0,0.0
1719006637.908341,9539,1719006637,905468388,,0.0,0.0,0.0
1719006637.9282515,9540,1719006637,925511044,,0.0,0.0,0.0
1719006637.9485385,9541,1719006637,945496878,,0.0,0.0,0.0
1719006637.9695618,9542,1719006637,966008440,,0.0,0.0,0.0
1719006637.9892473,9543,1719006637,985553024,,0.0,0.0,0.0
1719006638.0089092,9544,1719006638,5492086,,0.0,0.0,0.0
1719006638.029004,9545,1719006638,25481305,,0.0,0.0,0.0
1719006638.048445,9546,1719006638,45426044,,0.0,0.0,0.0
1719006638.0678048,9547,1719006638,65438544,,0.0,0.0,0.0
1719006638.0879667,9548,1719006638,85437034,,0.0,0.0,0.0
1719006638.109045,9549,1719006638,105667138,,0.0,0.0,0.0
1719006638.1291883,9550,1719006638,125518440,,0.0,0.0,0.0
1719006638.1489627,9551,1719006638,145465367,,0.0,0.0,0.0
1719006638.1678538,9552,1719006638,165421878,,0.0,0.0,0.0
1719006638.1863894,9553,1719006638,185374274,,0.0,0.0,0.0
1719006638.2077432,9554,1719006638,205520524,,0.0,0.0,0.0
1719006638.2274141,9555,1719006638,225416305,,0.0,0.0,0.0
1719006638.2480986,9556,1719006638,245477815,,0.0,0.0,0.0
1719006638.2677314,9557,1719006638,265437711,,0.0,0.0,0.0
1719006638.2876518,9558,1719006638,285502503,,0.0,0.0,0.0
1719006638.3080366,9559,1719006638,305606096,,0.0,0.0,0.0
1719006638.327569,9560,1719006638,325437867,,0.0,0.0,0.0
1719006638.3486993,9561,1719006638,345512659,,0.0,0.0,0.0
1719006638.3683035,9562,1719006638,365419378,,0.0,0.0,0.0
1719006638.3885076,9563,1719006638,385480628,,0.0,0.0,0.0
1719006638.4091134,9564,1719006638,405738648,,0.0,0.0,0.0
1719006638.4286509,9565,1719006638,425493857,,0.0,0.0,0.0
1719006638.4488041,9566,1719006638,445963440,,0.0,0.0,0.0
1719006638.467582,9567,1719006638,465422919,,0.0,0.0,0.0
1719006638.4892664,9568,1719006638,485755471,,0.0,0.0,0.0
1719006638.5094702,9569,1719006638,505492763,,0.0,0.0,0.0
1719006638.531837,9570,1719006638,527732294,,0.0,0.0,0.0
1719006638.5478313,9571,1719006638,545698180,,0.0,0.0,0.0
1719006638.5692143,9572,1719006638,565449273,,0.0,0.0,0.0
1719006638.5890162,9573,1719006638,585542971,,0.0,0.0,0.0
1719006638.6089675,9574,1719006638,605824534,,0.0,0.0,0.0
1719006638.629288,9575,1719006638,625875315,,0.0,0.0,0.0
1719006638.649487,9576,1719006638,645495836,,0.0,0.0,0.0
1719006638.6687653,9577,1719006638,665727711,,0.0,0.0,0.0
1719006638.6881576,9578,1719006638,685404898,,0.0,0.0,0.0
1719006638.7090893,9579,1719006638,705487398,,0.0,0.0,0.0
1719006638.7293017,9580,1719006638,725829273,,0.0,0.0,0.0
1719006638.749861,9581,1719006638,745500627,,0.0,0.0,0.0
1719006638.7663796,9582,1719006638,765375680,,0.0,0.0,0.0
1719006638.7882721,9583,1719006638,785422190,,0.0,0.0,0.0
1719006638.8086905,9584,1719006638,805639221,,0.0,0.0,0.0
1719006638.827974,9585,1719006638,825435575,,0.0,0.0,0.0
1719006638.8487978,9586,1719006638,845873752,,0.0,0.0,0.0
1719006638.8682811,9587,1719006638,865519169,,0.0,0.0,0.0
1719006638.887933,9588,1719006638,885652607,,0.0,0.0,0.0
1719006638.9082081,9589,1719006638,905443909,,0.0,0.0,0.0
1719006638.92817,9590,1719006638,925564325,,0.0,0.0,0.0
1719006638.9484985,9591,1719006638,946087607,,0.0,0.0,0.0
1719006638.9679275,9592,1719006638,965436929,,0.0,0.0,0.0
1719006638.9921153,9593,1719006638,985569325,,0.0,0.0,0.0
1719006639.0085335,9594,1719006639,5615002,,0.0,0.0,0.0
1719006639.0282762,9595,1719006639,25478336,,0.0,0.0,0.0
1719006639.049981,9596,1719006639,45611096,,0.0,0.0,0.0
1719006639.0680473,9597,1719006639,65459221,,0.0,0.0,0.0
1719006639.0887642,9598,1719006639,85476773,,0.0,0.0,0.0
1719006639.1087427,9599,1719006639,105477190,,0.0,0.0,0.0
1719006639.1296031,9600,1719006639,125727815,,0.0,0.0,0.0
1719006639.1470952,9601,1719006639,145662398,,0.0,0.0,0.0
1719006639.1674728,9602,1719006639,165485523,,0.0,0.0,0.0
1719006639.18797,9603,1719006639,185441200,,0.0,0.0,0.0
1719006639.2085164,9604,1719006639,205530054,,0.0,0.0,0.0
1719006639.2279556,9605,1719006639,225420002,,0.0,0.0,0.0
1719006639.2480066,9606,1719006639,245536461,,0.0,0.0,0.0
1719006639.269291,9607,1719006639,265479898,,0.0,0.0,0.0
1719006639.2888575,9608,1719006639,285583804,,0.0,0.0,0.0
1719006639.308213,9609,1719006639,305520263,,0.0,0.0,0.0
1719006639.3283691,9610,1719006639,325472086,,0.0,0.0,0.0
1719006639.3494766,9611,1719006639,345645836,,0.0,0.0,0.0
1719006639.3681555,9612,1719006639,365440784,,0.0,0.0,0.0
1719006639.3884296,9613,1719006639,385567919,,0.0,0.0,0.0
1719006639.4086018,9614,1719006639,405539690,,0.0,0.0,0.0
1719006639.429106,9615,1719006639,425506044,,0.0,0.0,0.0
1719006639.4498816,9616,1719006639,446168856,,0.0,0.0,0.0
1719006639.468548,9617,1719006639,465532190,,0.0,0.0,0.0
1719006639.488989,9618,1719006639,485451773,,0.0,0.0,0.0
1719006639.508469,9619,1719006639,505438336,,0.0,0.0,0.0
1719006639.5280557,9620,1719006639,525416669,,0.0,0.0,0.0
1719006639.5502596,9621,1719006639,546429221,,0.0,0.0,0.0
1719006639.568237,9622,1719006639,565539013,,0.0,0.0,0.0
1719006639.5892248,9623,1719006639,585639846,,0.0,0.0,0.0
1719006639.6075268,9624,1719006639,605445627,,0.0,0.0,0.0
1719006639.6273649,9625,1719006639,625436304,,0.0,0.0,0.0
1719006639.6475463,9626,1719006639,645460315,,0.0,0.0,0.0
1719006639.6680987,9627,1719006639,665444221,,0.0,0.0,0.0
1719006639.6878116,9628,1719006639,685422606,,0.0,0.0,0.0
1719006639.7090995,9629,1719006639,705540835,,0.0,0.0,0.0
1719006639.727927,9630,1719006639,725615835,,0.0,0.0,0.0
1719006639.7500916,9631,1719006639,746689585,,0.0,0.0,0.0
1719006639.7704525,9632,1719006639,765530523,,0.0,0.0,0.0
1719006639.7873814,9633,1719006639,785395471,,0.0,0.0,0.0
1719006639.8076386,9634,1719006639,805440783,,0.0,0.0,0.0
1719006639.8283806,9635,1719006639,825575262,,0.0,0.0,0.0
1719006639.8491986,9636,1719006639,845595940,,0.0,0.0,0.0
1719006639.8682837,9637,1719006639,865429481,,0.0,0.0,0.0
1719006639.88775,9638,1719006639,885616773,,0.0,0.0,0.0
1719006639.9085221,9639,1719006639,905441200,,0.0,0.0,0.0
1719006639.9282362,9640,1719006639,925436356,,0.0,0.0,0.0
1719006639.9496183,9641,1719006639,945652762,,0.0,0.0,0.0
1719006639.9676373,9642,1719006639,965405783,,0.0,0.0,0.0
1719006639.9884636,9643,1719006639,985513544,,0.0,0.0,0.0
1719006640.0081303,9644,1719006640,5432762,,0.0,0.0,0.0
1719006640.0288203,9645,1719006640,25664794,,0.0,0.0,0.0
1719006640.0494616,9646,1719006640,45485262,,0.0,0.0,0.0
1719006640.0686562,9647,1719006640,65495992,,0.0,0.0,0.0
1719006640.0885155,9648,1719006640,85486044,,0.0,0.0,0.0
1719006640.1078892,9649,1719006640,105494325,,0.0,0.0,0.0
1719006640.1293268,9650,1719006640,125842398,,0.0,0.0,0.0
1719006640.1467414,9651,1719006640,145397033,,0.0,0.0,0.0
1719006640.1674256,9652,1719006640,165459221,,0.0,0.0,0.0
1719006640.188427,9653,1719006640,185606304,,0.0,0.0,0.0
1719006640.2086434,9654,1719006640,205666617,,0.0,0.0,0.0
1719006640.2281573,9655,1719006640,225430158,,0.0,0.0,0.0
1719006640.2484033,9656,1719006640,245616825,,0.0,0.0,0.0
1719006640.2679017,9657,1719006640,265529689,,0.0,0.0,0.0
1719006640.28956,9658,1719006640,285462814,,0.0,0.0,0.0
1719006640.30824,9659,1719006640,305488023,,0.0,0.0,0.0
1719006640.3289614,9660,1719006640,325535366,,0.0,0.0,0.0
1719006640.3497152,9661,1719006640,345556564,,0.0,0.0,0.0
1719006640.3680637,9662,1719006640,365603648,,0.0,0.0,0.0
1719006640.3892822,9663,1719006640,385515783,,0.0,0.0,0.0
1719006640.4104466,9664,1719006640,405482502,,0.0,0.0,0.0
1719006640.4297912,9665,1719006640,426239794,,0.0,0.0,0.0
1719006640.450057,9666,1719006640,445531721,,0.0,0.0,0.0
1719006640.469448,9667,1719006640,465582450,,0.0,0.0,0.0
1719006640.4880893,9668,1719006640,485444325,,0.0,0.0,0.0
1719006640.5087528,9669,1719006640,505626616,,0.0,0.0,0.0
1719006640.5287344,9670,1719006640,525490627,,0.0,0.0,0.0
1719006640.549864,9671,1719006640,545619429,,0.0,0.0,0.0
1719006640.5694637,9672,1719006640,565810471,,0.0,0.0,0.0
1719006640.5887966,9673,1719006640,585573856,,0.0,0.0,0.0
1719006640.6093035,9674,1719006640,605706356,,0.0,0.0,0.0
1719006640.6290352,9675,1719006640,625455835,,0.0,0.0,0.0
1719006640.6497164,9676,1719006640,645810262,,0.0,0.0,0.0
1719006640.6686492,9677,1719006640,665684950,,0.0,0.0,0.0
1719006640.6888247,9678,1719006640,685645731,,0.0,0.0,0.0
1719006640.7078753,9679,1719006640,705490731,,0.0,0.0,0.0
1719006640.728614,9680,1719006640,725447345,,0.0,0.0,0.0
1719006640.7498345,9681,1719006640,745708127,,0.0,0.0,0.0
1719006640.7682831,9682,1719006640,765412502,,0.0,0.0,0.0
1719006640.7879217,9683,1719006640,785470314,,0.0,0.0,0.0
1719006640.808901,9684,1719006640,805661668,,0.0,0.0,0.0
1719006640.8307226,9685,1719006640,825785627,,0.0,0.0,0.0
1719006640.8495197,9686,1719006640,845797502,,0.0,0.0,0.0
1719006640.8681784,9687,1719006640,865433387,,0.0,0.0,0.0
1719006640.8882039,9688,1719006640,885429116,,0.0,0.0,0.0
1719006640.9083536,9689,1719006640,905489012,,0.0,0.0,0.0
1719006640.9300058,9690,1719006640,925499012,,0.0,0.0,0.0
1719006640.9484935,9691,1719006640,945541720,,0.0,0.0,0.0
1719006640.968934,9692,1719006640,965803804,,0.0,0.0,0.0
1719006640.9878333,9693,1719006640,985454897,,0.0,0.0,0.0
1719006641.0080743,9694,1719006641,5435418,,0.0,0.0,0.0
1719006641.0301187,9695,1719006641,25480418,,0.0,0.0,0.0
1719006641.04871,9696,1719006641,45491147,,0.0,0.0,0.0
1719006641.06825,9697,1719006641,65443075,,0.0,0.0,0.0
1719006641.0883424,9698,1719006641,85569220,,0.0,0.0,0.0
1719006641.1080873,9699,1719006641,105548700,,0.0,0.0,0.0
1719006641.129013,9700,1719006641,125476981,,0.0,0.0,0.0
1719006641.151304,9701,1719006641,149593179,,0.0,0.0,0.0
1719006641.1685643,9702,1719006641,165419012,,0.0,0.0,0.0
1719006641.1878698,9703,1719006641,185452970,,0.0,0.0,0.0
1719006641.207733,9704,1719006641,205434012,,0.0,0.0,0.0
1719006641.2282732,9705,1719006641,225529741,,0.0,0.0,0.0
1719006641.2482915,9706,1719006641,245564220,,0.0,0.0,0.0
1719006641.2709246,9707,1719006641,265663647,,0.0,0.0,0.0
1719006641.2886765,9708,1719006641,285488231,,0.0,0.0,0.0
1719006641.309265,9709,1719006641,305484324,,0.0,0.0,0.0
1719006641.3287718,9710,1719006641,325578804,,0.0,0.0,0.0
1719006641.348728,9711,1719006641,345481512,,0.0,0.0,0.0
1719006641.3683171,9712,1719006641,365484272,,0.0,0.0,0.0
1719006641.3895402,9713,1719006641,385833856,,0.0,0.0,0.0
1719006641.408811,9714,1719006641,405430887,,0.0,0.0,0.0
1719006641.428672,9715,1719006641,425460835,,0.0,0.0,0.0
1719006641.450735,9716,1719006641,445837033,,0.0,0.0,0.0
1719006641.468238,9717,1719006641,465632970,,0.0,0.0,0.0
1719006641.48833,9718,1719006641,485609585,,0.0,0.0,0.0
1719006641.5086644,9719,1719006641,505469949,,0.0,0.0,0.0
1719006641.5283766,9720,1719006641,525447762,,0.0,0.0,0.0
1719006641.5486817,9721,1719006641,545550991,,0.0,0.0,0.0
1719006641.5685513,9722,1719006641,565455991,,0.0,0.0,0.0
1719006641.5875478,9723,1719006641,585480991,,0.0,0.0,0.0
1719006641.6081114,9724,1719006641,605437658,,0.0,0.0,0.0
1719006641.630365,9725,1719006641,625481199,,0.0,0.0,0.0
1719006641.6486926,9726,1719006641,645667606,,0.0,0.0,0.0
1719006641.6666734,9727,1719006641,665390731,,0.0,0.0,0.0
1719006641.6881592,9728,1719006641,685456512,,0.0,0.0,0.0
1719006641.7087266,9729,1719006641,705552814,,0.0,0.0,0.0
1719006641.727399,9730,1719006641,725438178,,0.0,0.0,0.0
1719006641.7482028,9731,1719006641,745445106,,0.0,0.0,0.0
1719006641.7667542,9732,1719006641,765378647,,0.0,0.0,0.0
1719006641.7870994,9733,1719006641,785431824,,0.0,0.0,0.0
1719006641.808062,9734,1719006641,805423647,,0.0,0.0,0.0
1719006641.8279867,9735,1719006641,825444272,,0.0,0.0,0.0
1719006641.848596,9736,1719006641,845492814,,0.0,0.0,0.0
1719006641.8682668,9737,1719006641,865477033,,0.0,0.0,0.0
1719006641.8886209,9738,1719006641,885500522,,0.0,0.0,0.0
1719006641.9079244,9739,1719006641,905457397,,0.0,0.0,0.0
1719006641.928705,9740,1719006641,925434220,,0.0,0.0,0.0
1719006641.9482958,9741,1719006641,945499012,,0.0,0.0,0.0
1719006641.9678252,9742,1719006641,965521928,,0.0,0.0,0.0
1719006641.9880948,9743,1719006641,985444793,,0.0,0.0,0.0
1719006642.0117707,9744,1719006642,5998230,,0.0,0.0,0.0
1719006642.0320559,9745,1719006642,25468387,,0.0,0.0,0.0
1719006642.0483289,9746,1719006642,45543595,,0.0,0.0,0.0
1719006642.0674148,9747,1719006642,65494428,,0.0,0.0,0.0
1719006642.087839,9748,1719006642,85467137,,0.0,0.0,0.0
1719006642.1074898,9749,1719006642,105527137,,0.0,0.0,0.0
1719006642.1274343,9750,1719006642,125491616,,0.0,0.0,0.0
1719006642.154327,9751,1719006642,149535105,,0.0,0.0,0.0
1719006642.1664538,9752,1719006642,165382345,,0.0,0.0,0.0
1719006642.1871476,9753,1719006642,185377762,,0.0,0.0,0.0
1719006642.2069576,9754,1719006642,205463751,,0.0,0.0,0.0
1719006642.2284331,9755,1719006642,225470314,,0.0,0.0,0.0
1719006642.248085,9756,1719006642,245411564,,0.0,0.0,0.0
1719006642.2675471,9757,1719006642,265434532,,0.0,0.0,0.0
1719006642.2885845,9758,1719006642,285634584,,0.0,0.0,0.0
1719006642.3082094,9759,1719006642,305423647,,0.0,0.0,0.0
1719006642.3287287,9760,1719006642,325618439,,0.0,0.0,0.0
1719006642.3480937,9761,1719006642,345592814,,0.0,0.0,0.0
1719006642.3675349,9762,1719006642,365443334,,0.0,0.0,0.0
1719006642.3880126,9763,1719006642,385426772,,0.0,0.0,0.0
1719006642.408577,9764,1719006642,405720887,,0.0,0.0,0.0
1719006642.4288387,9765,1719006642,425556095,,0.0,0.0,0.0
1719006642.448432,9766,1719006642,445650939,,0.0,0.0,0.0
1719006642.4682958,9767,1719006642,465479324,,0.0,0.0,0.0
1719006642.4887352,9768,1719006642,485877918,,0.0,0.0,0.0
1719006642.5081234,9769,1719006642,505487553,,0.0,0.0,0.0
1719006642.529577,9770,1719006642,525481511,,0.0,0.0,0.0
1719006642.5491178,9771,1719006642,545883647,,0.0,0.0,0.0
1719006642.568295,9772,1719006642,565464168,,0.0,0.0,0.0
1719006642.587738,9773,1719006642,585448439,,0.0,0.0,0.0
1719006642.6086278,9774,1719006642,605751772,,0.0,0.0,0.0
1719006642.6288218,9775,1719006642,625470574,,0.0,0.0,0.0
1719006642.6483245,9776,1719006642,645711720,,0.0,0.0,0.0
1719006642.6686344,9777,1719006642,665891563,,0.0,0.0,0.0
1719006642.686835,9778,1719006642,685431303,,0.0,0.0,0.0
1719006642.707384,9779,1719006642,705429845,,0.0,0.0,0.0
1719006642.729329,9780,1719006642,725433959,,0.0,0.0,0.0
1719006642.7484717,9781,1719006642,745551095,,0.0,0.0,0.0
1719006642.7687495,9782,1719006642,765593699,,0.0,0.0,0.0
1719006642.7885828,9783,1719006642,785734845,,0.0,0.0,0.0
1719006642.8088315,9784,1719006642,805506772,,0.0,0.0,0.0
1719006642.82873,9785,1719006642,825469063,,0.0,0.0,0.0
1719006642.8484995,9786,1719006642,845665157,,0.0,0.0,0.0
1719006642.8686662,9787,1719006642,865663751,,0.0,0.0,0.0
1719006642.8885455,9788,1719006642,885582709,,0.0,0.0,0.0
1719006642.9099205,9789,1719006642,905841147,,0.0,0.0,0.0
1719006642.9285953,9790,1719006642,925630886,,0.0,0.0,0.0
1719006642.9498405,9791,1719006642,945714949,,0.0,0.0,0.0
1719006642.9676082,9792,1719006642,965391459,,0.0,0.0,0.0
1719006642.9884174,9793,1719006642,985553803,,0.0,0.0,0.0
1719006643.007704,9794,1719006643,5524272,,0.0,0.0,0.0
1719006643.0284595,9795,1719006643,25536511,,0.0,0.0,0.0
1719006643.0492992,9796,1719006643,45592709,,0.0,0.0,0.0
1719006643.0681849,9797,1719006643,65602084,,0.0,0.0,0.0
1719006643.0889509,9798,1719006643,85480313,,0.0,0.0,0.0
1719006643.1091144,9799,1719006643,105791563,,0.0,0.0,0.0
1719006643.127688,9800,1719006643,125457553,,0.0,0.0,0.0
1719006643.1474345,9801,1719006643,145651042,,0.0,0.0,0.0
1719006643.1675956,9802,1719006643,165388282,,0.0,0.0,0.0
1719006643.1878214,9803,1719006643,185664376,,0.0,0.0,0.0
1719006643.2081733,9804,1719006643,205430886,,0.0,0.0,0.0
1719006643.228157,9805,1719006643,225580730,,0.0,0.0,0.0
1719006643.2493408,9806,1719006643,245727136,,0.0,0.0,0.0
1719006643.267597,9807,1719006643,265456407,,0.0,0.0,0.0
1719006643.2889912,9808,1719006643,285844740,,0.0,0.0,0.0
1719006643.3086355,9809,1719006643,305565209,,0.0,0.0,0.0
1719006643.3281856,9810,1719006643,325490417,,0.0,0.0,0.0
1719006643.3499005,9811,1719006643,345660678,,0.0,0.0,0.0
1719006643.36833,9812,1719006643,365425730,,0.0,0.0,0.0
1719006643.388622,9813,1719006643,385468490,,0.0,0.0,0.0
1719006643.4092872,9814,1719006643,405645834,,0.0,0.0,0.0
1719006643.4290047,9815,1719006643,425473126,,0.0,0.0,0.0
1719006643.4487972,9816,1719006643,445461928,,0.0,0.0,0.0
1719006643.468551,9817,1719006643,465848594,,0.0,0.0,0.0
1719006643.488986,9818,1719006643,485655730,,0.0,0.0,0.0
1719006643.508652,9819,1719006643,505530469,,0.0,0.0,0.0
1719006643.5294363,9820,1719006643,525469584,,0.0,0.0,0.0
1719006643.549503,9821,1719006643,545525990,,0.0,0.0,0.0
1719006643.569017,9822,1719006643,565626980,,0.0,0.0,0.0
1719006643.588645,9823,1719006643,585479115,,0.0,0.0,0.0
1719006643.6097271,9824,1719006643,605758959,,0.0,0.0,0.0
1719006643.6292322,9825,1719006643,625995417,,0.0,0.0,0.0
1719006643.6482518,9826,1719006643,645604688,,0.0,0.0,0.0
1719006643.672539,9827,1719006643,665559219,,0.0,0.0,0.0
1719006643.6878917,9828,1719006643,685447605,,0.0,0.0,0.0
1719006643.7064104,9829,1719006643,705361876,,0.0,0.0,0.0
1719006643.727498,9830,1719006643,725670417,,0.0,0.0,0.0
1719006643.7473977,9831,1719006643,745444428,,0.0,0.0,0.0
1719006643.7683334,9832,1719006643,765486146,,0.0,0.0,0.0
1719006643.7881544,9833,1719006643,785537553,,0.0,0.0,0.0
1719006643.808265,9834,1719006643,805540417,,0.0,0.0,0.0
1719006643.8282475,9835,1719006643,825461459,,0.0,0.0,0.0
1719006643.8492568,9836,1719006643,845883646,,0.0,0.0,0.0
1719006643.868541,9837,1719006643,865692136,,0.0,0.0,0.0
1719006643.8879802,9838,1719006643,885457501,,0.0,0.0,0.0
1719006643.908249,9839,1719006643,905462240,,0.0,0.0,0.0
1719006643.928439,9840,1719006643,925584844,,0.0,0.0,0.0
1719006643.948339,9841,1719006643,945483803,,0.0,0.0,0.0
1719006643.9698296,9842,1719006643,965471771,,0.0,0.0,0.0
1719006643.990874,9843,1719006643,985536303,,0.0,0.0,0.0
1719006644.0086818,9844,1719006644,5459480,,0.0,0.0,0.0
1719006644.0289452,9845,1719006644,25801771,,0.0,0.0,0.0
1719006644.050974,9846,1719006644,46213021,,0.0,0.0,0.0
1719006644.06822,9847,1719006644,65475573,,0.0,0.0,0.0
1719006644.088081,9848,1719006644,85441928,,0.0,0.0,0.0
1719006644.109987,9849,1719006644,105530990,,0.0,0.0,0.0
1719006644.127325,9850,1719006644,125482709,,0.0,0.0,0.0
1719006644.1485894,9851,1719006644,145437917,,0.0,0.0,0.0
1719006644.1683624,9852,1719006644,165487553,,0.0,0.0,0.0
1719006644.1871963,9853,1719006644,185432657,,0.0,0.0,0.0
1719006644.2071624,9854,1719006644,205565365,,0.0,0.0,0.0
1719006644.227631,9855,1719006644,225445730,,0.0,0.0,0.0
1719006644.2494383,9856,1719006644,245631459,,0.0,0.0,0.0
1719006644.2684164,9857,1719006644,265554636,,0.0,0.0,0.0
1719006644.2889323,9858,1719006644,285648594,,0.0,0.0,0.0
1719006644.308635,9859,1719006644,305485052,,0.0,0.0,0.0
1719006644.3282406,9860,1719006644,325466198,,0.0,0.0,0.0
1719006644.3485,9861,1719006644,345498855,,0.0,0.0,0.0
1719006644.3688853,9862,1719006644,365480000,,0.0,0.0,0.0
1719006644.3889403,9863,1719006644,385871355,,0.0,0.0,0.0
1719006644.4102223,9864,1719006644,405552292,,0.0,0.0,0.0
1719006644.4295287,9865,1719006644,425426511,,0.0,0.0,0.0
1719006644.448023,9866,1719006644,445474011,,0.0,0.0,0.0
1719006644.4709747,9867,1719006644,466257188,,0.0,0.0,0.0
1719006644.4890993,9868,1719006644,485678438,,0.0,0.0,0.0
1719006644.509012,9869,1719006644,505472865,,0.0,0.0,0.0
1719006644.529422,9870,1719006644,525626407,,0.0,0.0,0.0
1719006644.548806,9871,1719006644,545765521,,0.0,0.0,0.0
1719006644.5689511,9872,1719006644,565715886,,0.0,0.0,0.0
1719006644.5879347,9873,1719006644,585399011,,0.0,0.0,0.0
1719006644.608604,9874,1719006644,605757448,,0.0,0.0,0.0
1719006644.6294098,9875,1719006644,625482240,,0.0,0.0,0.0
1719006644.6484141,9876,1719006644,645698750,,0.0,0.0,0.0
1719006644.6706383,9877,1719006644,666203386,,0.0,0.0,0.0
1719006644.6882505,9878,1719006644,685456302,,0.0,0.0,0.0
1719006644.7067356,9879,1719006644,705383021,,0.0,0.0,0.0
1719006644.7271032,9880,1719006644,725445209,,0.0,0.0,0.0
1719006644.7476022,9881,1719006644,745399792,,0.0,0.0,0.0
1719006644.7678058,9882,1719006644,765454323,,0.0,0.0,0.0
1719006644.7872527,9883,1719006644,785437917,,0.0,0.0,0.0
1719006644.8083472,9884,1719006644,805437604,,0.0,0.0,0.0
1719006644.8281376,9885,1719006644,825451511,,0.0,0.0,0.0
1719006644.848518,9886,1719006644,845485365,,0.0,0.0,0.0
1719006644.8685834,9887,1719006644,865496094,,0.0,0.0,0.0
1719006644.8885756,9888,1719006644,885480417,,0.0,0.0,0.0
1719006644.9087057,9889,1719006644,905484271,,0.0,0.0,0.0
1719006644.9284072,9890,1719006644,925570261,,0.0,0.0,0.0
1719006644.950398,9891,1719006644,945582917,,0.0,0.0,0.0
1719006644.9684975,9892,1719006644,965468750,,0.0,0.0,0.0
1719006644.9902613,9893,1719006644,985540573,,0.0,0.0,0.0
1719006645.0084753,9894,1719006645,5760313,,0.0,0.0,0.0
1719006645.0288126,9895,1719006645,25490521,,0.0,0.0,0.0
1719006645.0497148,9896,1719006645,45991927,,0.0,0.0,0.0
1719006645.068972,9897,1719006645,65912135,,0.0,0.0,0.0
1719006645.088498,9898,1719006645,85640833,,0.0,0.0,0.0
1719006645.1083925,9899,1719006645,105747708,,0.0,0.0,0.0
1719006645.1289537,9900,1719006645,125542604,,0.0,0.0,0.0
1719006645.1477776,9901,1719006645,145391719,,0.0,0.0,0.0
1719006645.1677988,9902,1719006645,165440781,,0.0,0.0,0.0
1719006645.1878092,9903,1719006645,185589115,,0.0,0.0,0.0
1719006645.2084851,9904,1719006645,205530729,,0.0,0.0,0.0
1719006645.2277677,9905,1719006645,225458229,,0.0,0.0,0.0
1719006645.247279,9906,1719006645,245517813,,0.0,0.0,0.0
1719006645.2685375,9907,1719006645,265506771,,0.0,0.0,0.0
1719006645.288601,9908,1719006645,285494896,,0.0,0.0,0.0
1719006645.309343,9909,1719006645,305666510,,0.0,0.0,0.0
1719006645.3291245,9910,1719006645,325783021,,0.0,0.0,0.0
1719006645.349022,9911,1719006645,345711823,,0.0,0.0,0.0
1719006645.3698113,9912,1719006645,366179740,,0.0,0.0,0.0
1719006645.3884149,9913,1719006645,385441875,,0.0,0.0,0.0
1719006645.4101007,9914,1719006645,405477292,,0.0,0.0,0.0
1719006645.4299715,9915,1719006645,425709062,,0.0,0.0,0.0
1719006645.4486766,9916,1719006645,445540000,,0.0,0.0,0.0
1719006645.4683123,9917,1719006645,465672031,,0.0,0.0,0.0
1719006645.4889445,9918,1719006645,485478490,,0.0,0.0,0.0
1719006645.5090148,9919,1719006645,505458542,,0.0,0.0,0.0
1719006645.5295148,9920,1719006645,525804479,,0.0,0.0,0.0
1719006645.549368,9921,1719006645,545951823,,0.0,0.0,0.0
1719006645.568582,9922,1719006645,565515885,,0.0,0.0,0.0
1719006645.5883608,9923,1719006645,585467969,,0.0,0.0,0.0
1719006645.60876,9924,1719006645,605516823,,0.0,0.0,0.0
1719006645.6311042,9925,1719006645,625474219,,0.0,0.0,0.0
1719006645.6480825,9926,1719006645,645483906,,0.0,0.0,0.0
1719006645.6687927,9927,1719006645,665481771,,0.0,0.0,0.0
1719006645.688976,9928,1719006645,685477552,,0.0,0.0,0.0
1719006645.708251,9929,1719006645,705477812,,0.0,0.0,0.0
1719006645.7265224,9930,1719006645,725377552,,0.0,0.0,0.0
1719006645.7471967,9931,1719006645,745417083,,0.0,0.0,0.0
1719006645.7679734,9932,1719006645,765452604,,0.0,0.0,0.0
1719006645.7892213,9933,1719006645,785417135,,0.0,0.0,0.0
1719006645.8083296,9934,1719006645,805451198,,0.0,0.0,0.0
1719006645.8293378,9935,1719006645,825581771,,0.0,0.0,0.0
1719006645.8495057,9936,1719006645,845576198,,0.0,0.0,0.0
1719006645.8683424,9937,1719006645,865463698,,0.0,0.0,0.0
1719006645.8897843,9938,1719006645,885473802,,0.0,0.0,0.0
1719006645.9083009,9939,1719006645,905488541,,0.0,0.0,0.0
1719006645.9282877,9940,1719006645,925478541,,0.0,0.0,0.0
1719006645.9504917,9941,1719006645,945653593,,0.0,0.0,0.0
1719006645.9698439,9942,1719006645,965476250,,0.0,0.0,0.0
1719006645.9889848,9943,1719006645,985490937,,0.0,0.0,0.0
1719006646.0086153,9944,1719006646,5470989,,0.0,0.0,0.0
1719006646.027813,9945,1719006646,25481771,,0.0,0.0,0.0
1719006646.0488076,9946,1719006646,45472812,,0.0,0.0,0.0
1719006646.069083,9947,1719006646,65497031,,0.0,0.0,0.0
1719006646.0887406,9948,1719006646,85623854,,0.0,0.0,0.0
1719006646.1106246,9949,1719006646,105500729,,0.0,0.0,0.0
1719006646.1286426,9950,1719006646,125719896,,0.0,0.0,0.0
1719006646.1475391,9951,1719006646,145471875,,0.0,0.0,0.0
1719006646.168891,9952,1719006646,165534218,,0.0,0.0,0.0
1719006646.1878514,9953,1719006646,185494375,,0.0,0.0,0.0
1719006646.2087028,9954,1719006646,205557760,,0.0,0.0,0.0
1719006646.2276778,9955,1719006646,225521458,,0.0,0.0,0.0
1719006646.2499328,9956,1719006646,245816250,,0.0,0.0,0.0
1719006646.2693439,9957,1719006646,265607031,,0.0,0.0,0.0
1719006646.288925,9958,1719006646,285479166,,0.0,0.0,0.0
1719006646.3090503,9959,1719006646,305481458,,0.0,0.0,0.0
1719006646.3294842,9960,1719006646,325468906,,0.0,0.0,0.0
1719006646.3496015,9961,1719006646,345583073,,0.0,0.0,0.0
1719006646.3689406,9962,1719006646,365485000,,0.0,0.0,0.0
1719006646.3880746,9963,1719006646,385487968,,0.0,0.0,0.0
1719006646.4091108,9964,1719006646,405572500,,0.0,0.0,0.0
1719006646.4289308,9965,1719006646,425554635,,0.0,0.0,0.0
1719006646.449079,9966,1719006646,445486614,,0.0,0.0,0.0
1719006646.4695206,9967,1719006646,465590989,,0.0,0.0,0.0
1719006646.4888272,9968,1719006646,485445625,,0.0,0.0,0.0
1719006646.5083587,9969,1719006646,505866979,,0.0,0.0,0.0
1719006646.528054,9970,1719006646,525479427,,0.0,0.0,0.0
1719006646.5488472,9971,1719006646,545593802,,0.0,0.0,0.0
1719006646.5689912,9972,1719006646,565771354,,0.0,0.0,0.0
1719006646.5894332,9973,1719006646,585563749,,0.0,0.0,0.0
1719006646.609065,9974,1719006646,606102812,,0.0,0.0,0.0
1719006646.629201,9975,1719006646,625808854,,0.0,0.0,0.0
1719006646.6479723,9976,1719006646,645484427,,0.0,0.0,0.0
1719006646.668583,9977,1719006646,665476249,,0.0,0.0,0.0
1719006646.6894448,9978,1719006646,685777291,,0.0,0.0,0.0
1719006646.7087617,9979,1719006646,705920052,,0.0,0.0,0.0
1719006646.7289762,9980,1719006646,725480677,,0.0,0.0,0.0
1719006646.7464318,9981,1719006646,745381666,,0.0,0.0,0.0
1719006646.7671254,9982,1719006646,765400104,,0.0,0.0,0.0
1719006646.787887,9983,1719006646,785441562,,0.0,0.0,0.0
1719006646.8090966,9984,1719006646,805506770,,0.0,0.0,0.0
1719006646.8289585,9985,1719006646,825490781,,0.0,0.0,0.0
1719006646.8495605,9986,1719006646,845646874,,0.0,0.0,0.0
1719006646.8686907,9987,1719006646,865694739,,0.0,0.0,0.0
1719006646.8888125,9988,1719006646,885577916,,0.0,0.0,0.0
1719006646.9101589,9989,1719006646,905503176,,0.0,0.0,0.0
1719006646.9284673,9990,1719006646,925487551,,0.0,0.0,0.0
1719006646.9496975,9991,1719006646,945785676,,0.0,0.0,0.0
1719006646.968737,9992,1719006646,965572656,,0.0,0.0,0.0
1719006646.9882767,9993,1719006646,985553645,,0.0,0.0,0.0
1719006647.0073745,9994,1719006647,5543229,,0.0,0.0,0.0
1719006647.0275075,9995,1719006647,25488176,,0.0,0.0,0.0
1719006647.050095,9996,1719006647,45970937,,0.0,0.0,0.0
1719006647.0688157,9997,1719006647,65516614,,0.0,0.0,0.0
1719006647.088335,9998,1719006647,85483958,,0.0,0.0,0.0
1719006647.1087978,9999,1719006647,105489166,,0.0,0.0,0.0
1719006647.129101,10000,1719006647,125497656,,0.0,0.0,0.0
1719006647.1464698,10001,1719006647,145399166,,0.0,0.0,0.0
1719006647.1673517,10002,1719006647,165517135,,0.0,0.0,0.0
1719006647.187663,10003,1719006647,185511406,,0.0,0.0,0.0
1719006647.2077188,10004,1719006647,205531666,,0.0,0.0,0.0
1719006647.2278397,10005,1719006647,225450781,,0.0,0.0,0.0
1719006647.249972,10006,1719006647,245970572,,0.0,0.0,0.0
1719006647.268324,10007,1719006647,265478541,,0.0,0.0,0.0
1719006647.288409,10008,1719006647,285467030,,0.0,0.0,0.0
1719006647.3082545,10009,1719006647,305471926,,0.0,0.0,0.0
1719006647.3297327,10010,1719006647,325553228,,0.0,0.0,0.0
1719006647.3481755,10011,1719006647,345488280,,0.0,0.0,0.0
1719006647.3685842,10012,1719006647,365474062,,0.0,0.0,0.0
1719006647.3884053,10013,1719006647,385722603,,0.0,0.0,0.0
1719006647.4094768,10014,1719006647,405482395,,0.0,0.0,0.0
1719006647.4294415,10015,1719006647,425471458,,0.0,0.0,0.0
1719006647.451277,10016,1719006647,446649166,,0.0,0.0,0.0
1719006647.468553,10017,1719006647,465475207,,0.0,0.0,0.0
1719006647.4880815,10018,1719006647,485520989,,0.0,0.0,0.0
1719006647.5086493,10019,1719006647,505735832,,0.0,0.0,0.0
1719006647.528586,10020,1719006647,525775520,,0.0,0.0,0.0
1719006647.550517,10021,1719006647,545708541,,0.0,0.0,0.0
1719006647.569055,10022,1719006647,565489947,,0.0,0.0,0.0
1719006647.5890033,10023,1719006647,585581353,,0.0,0.0,0.0
1719006647.6084912,10024,1719006647,605557030,,0.0,0.0,0.0
1719006647.629209,10025,1719006647,625483124,,0.0,0.0,0.0
1719006647.6484742,10026,1719006647,645635676,,0.0,0.0,0.0
1719006647.66884,10027,1719006647,665645312,,0.0,0.0,0.0
1719006647.688233,10028,1719006647,685653645,,0.0,0.0,0.0
1719006647.7107575,10029,1719006647,706589947,,0.0,0.0,0.0
1719006647.7312155,10030,1719006647,726400259,,0.0,0.0,0.0
1719006647.7490776,10031,1719006647,745919895,,0.0,0.0,0.0
1719006647.7664695,10032,1719006647,765424166,,0.0,0.0,0.0
1719006647.7877069,10033,1719006647,785675780,,0.0,0.0,0.0
1719006647.8083267,10034,1719006647,805508228,,0.0,0.0,0.0
1719006647.82792,10035,1719006647,825460468,,0.0,0.0,0.0
1719006647.8478894,10036,1719006647,845476614,,0.0,0.0,0.0
1719006647.867699,10037,1719006647,865516249,,0.0,0.0,0.0
1719006647.8879268,10038,1719006647,885442447,,0.0,0.0,0.0
1719006647.908339,10039,1719006647,905544947,,0.0,0.0,0.0
1719006647.9298067,10040,1719006647,925897030,,0.0,0.0,0.0
1719006647.9496017,10041,1719006647,945597447,,0.0,0.0,0.0
1719006647.9686708,10042,1719006647,965771614,,0.0,0.0,0.0
1719006647.9878578,10043,1719006647,985455416,,0.0,0.0,0.0
1719006648.0100932,10044,1719006648,5590520,,0.0,0.0,0.0
1719006648.0295315,10045,1719006648,25518801,,0.0,0.0,0.0
1719006648.0507414,10046,1719006648,45569322,,0.0,0.0,0.0
1719006648.0685866,10047,1719006648,65640884,,0.0,0.0,0.0
1719006648.0883582,10048,1719006648,85467186,,0.0,0.0,0.0
1719006648.1097624,10049,1719006648,105475572,,0.0,0.0,0.0
1719006648.129985,10050,1719006648,125440311,,0.0,0.0,0.0
1719006648.1479785,10051,1719006648,145473020,,0.0,0.0,0.0
1719006648.167927,10052,1719006648,165434478,,0.0,0.0,0.0
1719006648.1886544,10053,1719006648,185783801,,0.0,0.0,0.0
1719006648.2072132,10054,1719006648,205383697,,0.0,0.0,0.0
1719006648.227797,10055,1719006648,225432916,,0.0,0.0,0.0
1719006648.2486513,10056,1719006648,245479634,,0.0,0.0,0.0
1719006648.2668734,10057,1719006648,265428593,,0.0,0.0,0.0
1719006648.2875476,10058,1719006648,285430363,,0.0,0.0,0.0
1719006648.3081856,10059,1719006648,305468384,,0.0,0.0,0.0
1719006648.3291974,10060,1719006648,325484270,,0.0,0.0,0.0
1719006648.3487353,10061,1719006648,345482551,,0.0,0.0,0.0
1719006648.3689623,10062,1719006648,365678124,,0.0,0.0,0.0
1719006648.3888388,10063,1719006648,385479634,,0.0,0.0,0.0
1719006648.4086814,10064,1719006648,405695728,,0.0,0.0,0.0
1719006648.4292984,10065,1719006648,425461405,,0.0,0.0,0.0
1719006648.4493763,10066,1719006648,445647759,,0.0,0.0,0.0
1719006648.4678059,10067,1719006648,465493905,,0.0,0.0,0.0
1719006648.4883087,10068,1719006648,485483801,,0.0,0.0,0.0
1719006648.5088332,10069,1719006648,505479113,,0.0,0.0,0.0
1719006648.5285208,10070,1719006648,525469061,,0.0,0.0,0.0
1719006648.5501058,10071,1719006648,545640988,,0.0,0.0,0.0
1719006648.5680478,10072,1719006648,565481926,,0.0,0.0,0.0
1719006648.5885177,10073,1719006648,585514217,,0.0,0.0,0.0
1719006648.6108096,10074,1719006648,607619113,,0.0,0.0,0.0
1719006648.627982,10075,1719006648,625555415,,0.0,0.0,0.0
1719006648.6490397,10076,1719006648,645591717,,0.0,0.0,0.0
1719006648.6671164,10077,1719006648,665427082,,0.0,0.0,0.0
1719006648.6878912,10078,1719006648,685455520,,0.0,0.0,0.0
1719006648.709297,10079,1719006648,706354374,,0.0,0.0,0.0
1719006648.7281342,10080,1719006648,725448905,,0.0,0.0,0.0
1719006648.7478366,10081,1719006648,745509426,,0.0,0.0,0.0
1719006648.7680366,10082,1719006648,765477499,,0.0,0.0,0.0
1719006648.787348,10083,1719006648,785456665,,0.0,0.0,0.0
1719006648.8077393,10084,1719006648,805423957,,0.0,0.0,0.0
1719006648.827428,10085,1719006648,825441978,,0.0,0.0,0.0
1719006648.848935,10086,1719006648,845513957,,0.0,0.0,0.0
1719006648.8682723,10087,1719006648,865711353,,0.0,0.0,0.0
1719006648.8885353,10088,1719006648,885576197,,0.0,0.0,0.0
1719006648.9087656,10089,1719006648,905739894,,0.0,0.0,0.0
1719006648.9290984,10090,1719006648,925837499,,0.0,0.0,0.0
1719006648.9484515,10091,1719006648,945581405,,0.0,0.0,0.0
1719006648.968356,10092,1719006648,965483905,,0.0,0.0,0.0
1719006648.9891088,10093,1719006648,985637707,,0.0,0.0,0.0
1719006649.0071192,10094,1719006649,5425676,,0.0,0.0,0.0
1719006649.0277371,10095,1719006649,25468124,,0.0,0.0,0.0
1719006649.0478868,10096,1719006649,45481353,,0.0,0.0,0.0
1719006649.0679083,10097,1719006649,65527238,,0.0,0.0,0.0
1719006649.0877545,10098,1719006649,85529842,,0.0,0.0,0.0
1719006649.10781,10099,1719006649,105479738,,0.0,0.0,0.0
1719006649.1278732,10100,1719006649,125451561,,0.0,0.0,0.0
1719006649.1476834,10101,1719006649,145763071,,0.0,0.0,0.0
1719006649.16777,10102,1719006649,165512342,,0.0,0.0,0.0
1719006649.1877778,10103,1719006649,185431874,,0.0,0.0,0.0
1719006649.2077308,10104,1719006649,205467655,,0.0,0.0,0.0
1719006649.228274,10105,1719006649,225690467,,0.0,0.0,0.0
1719006649.2480927,10106,1719006649,245572186,,0.0,0.0,0.0
1719006649.2698245,10107,1719006649,265541353,,0.0,0.0,0.0
1719006649.2896957,10108,1719006649,285968696,,0.0,0.0,0.0
1719006649.3086264,10109,1719006649,305881353,,0.0,0.0,0.0
1719006649.3289247,10110,1719006649,325470051,,0.0,0.0,0.0
1719006649.3489292,10111,1719006649,345536613,,0.0,0.0,0.0
1719006649.3686225,10112,1719006649,365563071,,0.0,0.0,0.0
1719006649.3883014,10113,1719006649,385477342,,0.0,0.0,0.0
1719006649.4082665,10114,1719006649,405644998,,0.0,0.0,0.0
1719006649.4293227,10115,1719006649,425524061,,0.0,0.0,0.0
1719006649.4495265,10116,1719006649,445485415,,0.0,0.0,0.0
1719006649.468562,10117,1719006649,465630832,,0.0,0.0,0.0
1719006649.4885168,10118,1719006649,485483748,,0.0,0.0,0.0
1719006649.5082908,10119,1719006649,505483540,,0.0,0.0,0.0
1719006649.5286195,10120,1719006649,525474217,,0.0,0.0,0.0
1719006649.5488064,10121,1719006649,545583123,,0.0,0.0,0.0
1719006649.569509,10122,1719006649,565712394,,0.0,0.0,0.0
1719006649.590798,10123,1719006649,585706665,,0.0,0.0,0.0
1719006649.6089776,10124,1719006649,605459425,,0.0,0.0,0.0
1719006649.6296966,10125,1719006649,625485103,,0.0,0.0,0.0
1719006649.6479473,10126,1719006649,645666925,,0.0,0.0,0.0
1719006649.6690953,10127,1719006649,665742811,,0.0,0.0,0.0
